,min_child_weight,time,total_leaves
0,1000,179.808143854,13983
1,2000,153.772095919,7046
2,4000,116.15587306,3541
